{
    "combus-stops": [
        {
            "id": "comstop1",
            "name": "バス停1",
            "lat": 36.689786883741256,
            "lon": 137.12603498018262
        },
        {
            "id": "comstop2",
            "name": "バス停2",
            "lat": 36.64075334566145,
            "lon": 137.16200895898558
        },
        {
            "id": "comstop3",
            "name": "バス停3",
            "lat": 36.702845237086066,
            "lon": 137.24431872719506
        },
        {
            "id": "comstop4",
            "name": "バス停4",
            "lat": 36.72379744422216,
            "lon": 137.13727513929388
        },
        {
            "id": "comstop5",
            "name": "バス停5",
            "lat": 36.66051928656524,
            "lon": 137.1269037399054
        },
        {
            "id": "comstop6",
            "name": "バス停6",
            "lat": 36.633165293484424,
            "lon": 137.21321916551332
        },
        {
            "id": "comstop7",
            "name": "バス停7",
            "lat": 36.60731593530294,
            "lon": 137.15758515975622
        },
        {
            "id": "comstop8",
            "name": "バス停8",
            "lat": 36.69119406980571,
            "lon": 137.22040419564732
        },
        {
            "id": "comstop9",
            "name": "バス停9",
            "lat": 36.633407858751134,
            "lon": 137.22844919103756
        },
        {
            "id": "comstop10",
            "name": "バス停10",
            "lat": 36.71266267543719,
            "lon": 137.12267498930123
        },
        {
            "id": "comstop11",
            "name": "バス停11",
            "lat": 36.71217674960082,
            "lon": 137.24821014418163
        },
        {
            "id": "comstop12",
            "name": "バス停12",
            "lat": 36.64952954823636,
            "lon": 137.14971550619987
        },
        {
            "id": "comstop13",
            "name": "バス停13",
            "lat": 36.732548390630136,
            "lon": 137.18258851004356
        },
        {
            "id": "comstop14",
            "name": "バス停14",
            "lat": 36.61622517463784,
            "lon": 137.1390497972063
        },
        {
            "id": "comstop15",
            "name": "バス停15",
            "lat": 36.717784577388315,
            "lon": 137.23107379385763
        },
        {
            "id": "comstop16",
            "name": "バス停16",
            "lat": 36.712352892291726,
            "lon": 137.25394427196898
        },
        {
            "id": "comstop17",
            "name": "バス停17",
            "lat": 36.67590040535948,
            "lon": 137.29811930120255
        },
        {
            "id": "comstop18",
            "name": "バス停18",
            "lat": 36.654681046925496,
            "lon": 137.22169271591835
        },
        {
            "id": "comstop19",
            "name": "バス停19",
            "lat": 36.715350416492676,
            "lon": 137.23375890511605
        },
        {
            "id": "comstop20",
            "name": "バス停20",
            "lat": 36.71969702427223,
            "lon": 137.22628684278996
        },
        {
            "id": "comstop21",
            "name": "バス停21",
            "lat": 36.69855283812928,
            "lon": 137.12981272535194
        },
        {
            "id": "comstop22",
            "name": "バス停22",
            "lat": 36.63441136498346,
            "lon": 137.17402035308638
        },
        {
            "id": "comstop23",
            "name": "バス停23",
            "lat": 36.61448209478992,
            "lon": 137.16374778884636
        },
        {
            "id": "comstop24",
            "name": "バス停24",
            "lat": 36.617336051123196,
            "lon": 137.17194860738627
        },
        {
            "id": "comstop25",
            "name": "バス停25",
            "lat": 36.68928331037184,
            "lon": 137.18771373773953
        },
        {
            "id": "comstop26",
            "name": "バス停26",
            "lat": 36.65355700717715,
            "lon": 137.15952168894935
        },
        {
            "id": "comstop27",
            "name": "バス停27",
            "lat": 36.639669931606804,
            "lon": 137.2915014722664
        },
        {
            "id": "comstop28",
            "name": "バス停28",
            "lat": 36.69094526021525,
            "lon": 137.23205481528876
        },
        {
            "id": "comstop29",
            "name": "バス停29",
            "lat": 36.62677375631104,
            "lon": 137.2538344644306
        },
        {
            "id": "comstop30",
            "name": "バス停30",
            "lat": 36.62573277484474,
            "lon": 137.19036791024644
        },
        {
            "id": "comstop31",
            "name": "バス停31",
            "lat": 36.73689608059597,
            "lon": 137.23765760037688
        },
        {
            "id": "comstop32",
            "name": "バス停32",
            "lat": 36.67868872301705,
            "lon": 137.245755284013
        },
        {
            "id": "comstop33",
            "name": "バス停33",
            "lat": 36.71715988711768,
            "lon": 137.26234209581398
        },
        {
            "id": "comstop34",
            "name": "バス停34",
            "lat": 36.634566082247865,
            "lon": 137.1273217467695
        },
        {
            "id": "comstop35",
            "name": "バス停35",
            "lat": 36.646192786374925,
            "lon": 137.17009133220594
        },
        {
            "id": "comstop36",
            "name": "バス停36",
            "lat": 36.63213521454986,
            "lon": 137.292636799269
        },
        {
            "id": "comstop37",
            "name": "バス停37",
            "lat": 36.72166978016055,
            "lon": 137.17861056006683
        },
        {
            "id": "comstop38",
            "name": "バス停38",
            "lat": 36.691941449909194,
            "lon": 137.1933039932646
        },
        {
            "id": "comstop39",
            "name": "バス停39",
            "lat": 36.726807298351744,
            "lon": 137.2047786319733
        },
        {
            "id": "comstop40",
            "name": "バス停40",
            "lat": 36.63938766984881,
            "lon": 137.16625918322282
        },
        {
            "id": "comstop41",
            "name": "バス停41",
            "lat": 36.67928326421232,
            "lon": 137.16918394796343
        },
        {
            "id": "comstop42",
            "name": "バス停42",
            "lat": 36.682407472505396,
            "lon": 137.28445338437095
        },
        {
            "id": "comstop43",
            "name": "バス停43",
            "lat": 36.657488805305945,
            "lon": 137.16130291441524
        },
        {
            "id": "comstop44",
            "name": "バス停44",
            "lat": 36.737974483552335,
            "lon": 137.21397621737506
        },
        {
            "id": "comstop45",
            "name": "バス停45",
            "lat": 36.615978063380474,
            "lon": 137.1300472263031
        },
        {
            "id": "comstop46",
            "name": "バス停46",
            "lat": 36.61849969082039,
            "lon": 137.23537905734173
        },
        {
            "id": "comstop47",
            "name": "バス停47",
            "lat": 36.71032790230555,
            "lon": 137.19811892846536
        },
        {
            "id": "comstop48",
            "name": "バス停48",
            "lat": 36.61229356500089,
            "lon": 137.190760655513
        },
        {
            "id": "comstop49",
            "name": "バス停49",
            "lat": 36.73778391531902,
            "lon": 137.21753151610048
        },
        {
            "id": "comstop50",
            "name": "バス停50",
            "lat": 36.734414114236365,
            "lon": 137.27772991950656
        }
    ]
}