{
    "hospital": [
        {
            "id": "hos1",
            "name": "富山市立富山市民病院",
            "lat": 36.67323562203093,
            "lon": 137.212407295933
        },
        {
            "id": "hos2",
            "name": "富山西総合病院",
            "lat": 36.66056758585597,
            "lon": 137.17481195887558
        }
    ],
    "shopping": [
        {
            "id": "sho1",
            "name": "フューチャーシティ　ファボーレ",
            "lat": 36.66283403781648,
            "lon": 137.17148034531544
        },
        {
            "id": "sho2",
            "name": "マリエとやま",
            "lat": 36.700630148411605,
            "lon": 137.21399060274754
        },
        {
            "id": "sho3",
            "name": "グリーンモール山室",
            "lat": 36.67853964071433,
            "lon": 137.23575470083216
        }
    ],
    "public-facility": [
        {
            "id": "pub1",
            "name": "富山市役所",
            "lat": 36.696062656272225,
            "lon": 137.2137813272164
        }
    ]
}